0.0000,-0.0000,-15.0000,0.0000,0.0000,0.0000,3.1416
0.0500,-0.0000,-15.0000,0.0000,0.0000,0.0000,3.1416
0.1000,-0.0000,-15.0000,0.0000,0.0000,0.0000,3.1416
0.1500,-0.0001,-15.0000,0.0000,0.0000,0.0000,3.1416
0.2000,-0.0003,-15.0000,0.0000,0.0000,0.0000,3.1416
0.2500,-0.0006,-15.0000,0.0000,0.0000,0.0000,3.1416
0.3000,-0.0010,-15.0000,0.0000,0.0000,0.0000,3.1415
0.3500,-0.0017,-15.0000,0.0000,0.0000,0.0000,3.1415
0.4000,-0.0025,-15.0000,0.0000,0.0000,0.0000,3.1414
0.4500,-0.0037,-15.0000,0.0000,0.0000,0.0000,3.1413
0.5000,-0.0052,-15.0000,0.0000,0.0000,0.0000,3.1412
0.5500,-0.0069,-15.0000,0.0000,0.0000,0.0000,3.1411
0.6000,-0.0091,-15.0000,0.0000,0.0000,0.0000,3.1410
0.6500,-0.0116,-15.0000,0.0000,0.0000,0.0000,3.1408
0.7000,-0.0146,-15.0000,0.0000,0.0000,0.0000,3.1406
0.7500,-0.0180,-15.0000,0.0000,0.0000,0.0000,3.1404
0.8000,-0.0220,-15.0000,0.0000,0.0000,0.0000,3.1401
0.8500,-0.0264,-15.0000,0.0000,0.0000,0.0000,3.1398
0.9000,-0.0314,-15.0000,0.0000,0.0000,0.0000,3.1395
0.9500,-0.0369,-15.0000,0.0000,0.0000,0.0000,3.1391
1.0000,-0.0431,-14.9999,0.0000,0.0000,0.0000,3.1387
1.0500,-0.0499,-14.9999,0.0000,0.0000,0.0000,3.1383
1.1000,-0.0574,-14.9999,0.0000,0.0000,0.0000,3.1378
1.1500,-0.0655,-14.9999,0.0000,0.0000,0.0000,3.1372
1.2000,-0.0744,-14.9998,0.0000,0.0000,0.0000,3.1366
1.2500,-0.0840,-14.9998,0.0000,0.0000,0.0000,3.1360
1.3000,-0.0944,-14.9997,0.0000,0.0000,0.0000,3.1353
1.3500,-0.1055,-14.9996,0.0000,0.0000,0.0000,3.1346
1.4000,-0.1175,-14.9995,0.0000,0.0000,0.0000,3.1338
1.4500,-0.1303,-14.9994,0.0000,0.0000,0.0000,3.1329
1.5000,-0.1440,-14.9993,0.0000,0.0000,0.0000,3.1320
1.5500,-0.1586,-14.9992,0.0000,0.0000,0.0000,3.1310
1.6000,-0.1740,-14.9990,0.0000,0.0000,0.0000,3.1300
1.6500,-0.1904,-14.9988,0.0000,0.0000,0.0000,3.1289
1.7000,-0.2078,-14.9986,0.0000,0.0000,0.0000,3.1277
1.7500,-0.2261,-14.9983,0.0000,0.0000,0.0000,3.1265
1.8000,-0.2454,-14.9980,0.0000,0.0000,0.0000,3.1252
1.8500,-0.2657,-14.9976,0.0000,0.0000,0.0000,3.1239
1.9000,-0.2870,-14.9973,0.0000,0.0000,0.0000,3.1225
1.9500,-0.3094,-14.9968,0.0000,0.0000,0.0000,3.1210
2.0000,-0.3329,-14.9963,0.0000,0.0000,0.0000,3.1194
2.0500,-0.3575,-14.9957,0.0000,0.0000,0.0000,3.1178
2.1000,-0.3831,-14.9951,0.0000,0.0000,0.0000,3.1160
2.1500,-0.4099,-14.9944,0.0000,0.0000,0.0000,3.1143
2.2000,-0.4378,-14.9936,0.0000,0.0000,0.0000,3.1124
2.2500,-0.4669,-14.9927,0.0000,0.0000,0.0000,3.1105
2.3000,-0.4971,-14.9918,0.0000,0.0000,0.0000,3.1084
2.3500,-0.5285,-14.9907,0.0000,0.0000,0.0000,3.1064
2.4000,-0.5611,-14.9895,0.0000,0.0000,0.0000,3.1042
2.4500,-0.5949,-14.9882,0.0000,0.0000,0.0000,3.1019
2.5000,-0.6299,-14.9868,0.0000,0.0000,0.0000,3.0996
2.5500,-0.6662,-14.9852,0.0000,0.0000,0.0000,3.0972
2.6000,-0.7037,-14.9835,0.0000,0.0000,0.0000,3.0947
2.6500,-0.7425,-14.9816,0.0000,0.0000,0.0000,3.0921
2.7000,-0.7825,-14.9796,0.0000,0.0000,0.0000,3.0894
2.7500,-0.8238,-14.9774,0.0000,0.0000,0.0000,3.0866
2.8000,-0.8664,-14.9750,0.0000,0.0000,0.0000,3.0838
2.8500,-0.9103,-14.9724,0.0000,0.0000,0.0000,3.0809
2.9000,-0.9555,-14.9695,0.0000,0.0000,0.0000,3.0779
2.9500,-1.0020,-14.9665,0.0000,0.0000,0.0000,3.0747
3.0000,-1.0498,-14.9632,0.0000,0.0000,0.0000,3.0715
3.0500,-1.0990,-14.9597,0.0000,0.0000,0.0000,3.0683
3.1000,-1.1495,-14.9559,0.0000,0.0000,0.0000,3.0649
3.1500,-1.2013,-14.9518,0.0000,0.0000,0.0000,3.0614
3.2000,-1.2544,-14.9475,0.0000,0.0000,0.0000,3.0579
3.2500,-1.3089,-14.9428,0.0000,0.0000,0.0000,3.0542
3.3000,-1.3648,-14.9378,0.0000,0.0000,0.0000,3.0505
3.3500,-1.4220,-14.9324,0.0000,0.0000,0.0000,3.0466
3.4000,-1.4806,-14.9267,0.0000,0.0000,0.0000,3.0427
3.4500,-1.5405,-14.9207,0.0000,0.0000,0.0000,3.0387
3.5000,-1.6018,-14.9142,0.0000,0.0000,0.0000,3.0346
3.5500,-1.6644,-14.9074,0.0000,0.0000,0.0000,3.0304
3.6000,-1.7284,-14.9001,0.0000,0.0000,0.0000,3.0261
3.6500,-1.7938,-14.8924,0.0000,0.0000,0.0000,3.0217
3.7000,-1.8605,-14.8842,0.0000,0.0000,0.0000,3.0172
3.7500,-1.9285,-14.8755,0.0000,0.0000,0.0000,3.0127
3.8000,-1.9979,-14.8663,0.0000,0.0000,0.0000,3.0080
3.8500,-2.0687,-14.8567,0.0000,0.0000,0.0000,3.0032
3.9000,-2.1407,-14.8465,0.0000,0.0000,0.0000,2.9984
3.9500,-2.2141,-14.8357,0.0000,0.0000,0.0000,2.9934
4.0000,-2.2889,-14.8243,0.0000,0.0000,0.0000,2.9884
4.0500,-2.3649,-14.8124,0.0000,0.0000,0.0000,2.9833
4.1000,-2.4423,-14.7998,0.0000,0.0000,0.0000,2.9780
4.1500,-2.5210,-14.7866,0.0000,0.0000,0.0000,2.9727
4.2000,-2.6009,-14.7728,0.0000,0.0000,0.0000,2.9673
4.2500,-2.6822,-14.7582,0.0000,0.0000,0.0000,2.9618
4.3000,-2.7647,-14.7430,0.0000,0.0000,0.0000,2.9562
4.3500,-2.8485,-14.7271,0.0000,0.0000,0.0000,2.9505
4.4000,-2.9335,-14.7103,0.0000,0.0000,0.0000,2.9448
4.4500,-3.0198,-14.6929,0.0000,0.0000,0.0000,2.9389
4.5000,-3.1073,-14.6746,0.0000,0.0000,0.0000,2.9329
4.5500,-3.1960,-14.6556,0.0000,0.0000,0.0000,2.9269
4.6000,-3.2859,-14.6357,0.0000,0.0000,0.0000,2.9207
4.6500,-3.3769,-14.6149,0.0000,0.0000,0.0000,2.9145
4.7000,-3.4691,-14.5933,0.0000,0.0000,0.0000,2.9082
4.7500,-3.5625,-14.5708,0.0000,0.0000,0.0000,2.9018
4.8000,-3.6570,-14.5474,0.0000,0.0000,0.0000,2.8953
4.8500,-3.7526,-14.5230,0.0000,0.0000,0.0000,2.8887
4.9000,-3.8492,-14.4977,0.0000,0.0000,0.0000,2.8821
4.9500,-3.9469,-14.4714,0.0000,0.0000,0.0000,2.8753
5.0000,-4.0457,-14.4441,0.0000,0.0000,0.0000,2.8685
5.0500,-4.1454,-14.4158,0.0000,0.0000,0.0000,2.8616
5.1000,-4.2462,-14.3864,0.0000,0.0000,0.0000,2.8546
5.1500,-4.3479,-14.3560,0.0000,0.0000,0.0000,2.8475
5.2000,-4.4506,-14.3245,0.0000,0.0000,0.0000,2.8404
5.2500,-4.5541,-14.2920,0.0000,0.0000,0.0000,2.8331
5.3000,-4.6586,-14.2582,0.0000,0.0000,0.0000,2.8258
5.3500,-4.7639,-14.2234,0.0000,0.0000,0.0000,2.8184
5.4000,-4.8700,-14.1874,0.0000,0.0000,0.0000,2.8109
5.4500,-4.9770,-14.1502,0.0000,0.0000,0.0000,2.8034
5.5000,-5.0847,-14.1119,0.0000,0.0000,0.0000,2.7958
5.5500,-5.1932,-14.0724,0.0000,0.0000,0.0000,2.7881
5.6000,-5.3023,-14.0316,0.0000,0.0000,0.0000,2.7803
5.6500,-5.4122,-13.9896,0.0000,0.0000,0.0000,2.7725
5.7000,-5.5227,-13.9463,0.0000,0.0000,0.0000,2.7645
5.7500,-5.6338,-13.9018,0.0000,0.0000,0.0000,2.7566
5.8000,-5.7454,-13.8561,0.0000,0.0000,0.0000,2.7485
5.8500,-5.8576,-13.8090,0.0000,0.0000,0.0000,2.7404
5.9000,-5.9704,-13.7606,0.0000,0.0000,0.0000,2.7322
5.9500,-6.0835,-13.7110,0.0000,0.0000,0.0000,2.7240
6.0000,-6.1972,-13.6600,0.0000,0.0000,0.0000,2.7157
6.0500,-6.3112,-13.6077,0.0000,0.0000,0.0000,2.7073
6.1000,-6.4255,-13.5541,0.0000,0.0000,0.0000,2.6989
6.1500,-6.5402,-13.4991,0.0000,0.0000,0.0000,2.6904
6.2000,-6.6552,-13.4428,0.0000,0.0000,0.0000,2.6819
6.2500,-6.7704,-13.3851,0.0000,0.0000,0.0000,2.6733
6.3000,-6.8859,-13.3261,0.0000,0.0000,0.0000,2.6647
6.3500,-7.0014,-13.2657,0.0000,0.0000,0.0000,2.6560
6.4000,-7.1171,-13.2040,0.0000,0.0000,0.0000,2.6472
6.4500,-7.2329,-13.1410,0.0000,0.0000,0.0000,2.6384
6.5000,-7.3488,-13.0765,0.0000,0.0000,0.0000,2.6296
6.5500,-7.4646,-13.0108,0.0000,0.0000,0.0000,2.6207
6.6000,-7.5804,-12.9437,0.0000,0.0000,0.0000,2.6118
6.6500,-7.6961,-12.8752,0.0000,0.0000,0.0000,2.6028
6.7000,-7.8116,-12.8054,0.0000,0.0000,0.0000,2.5938
6.7500,-7.9270,-12.7343,0.0000,0.0000,0.0000,2.5848
6.8000,-8.0422,-12.6618,0.0000,0.0000,0.0000,2.5757
6.8500,-8.1572,-12.5881,0.0000,0.0000,0.0000,2.5666
6.9000,-8.2718,-12.5131,0.0000,0.0000,0.0000,2.5575
6.9500,-8.3862,-12.4367,0.0000,0.0000,0.0000,2.5483
7.0000,-8.5001,-12.3591,0.0000,0.0000,0.0000,2.5391
7.0500,-8.6136,-12.2803,0.0000,0.0000,0.0000,2.5299
7.1000,-8.7267,-12.2002,0.0000,0.0000,0.0000,2.5207
7.1500,-8.8392,-12.1189,0.0000,0.0000,0.0000,2.5114
7.2000,-8.9512,-12.0364,0.0000,0.0000,0.0000,2.5021
7.2500,-9.0627,-11.9527,0.0000,0.0000,0.0000,2.4929
7.3000,-9.1735,-11.8679,0.0000,0.0000,0.0000,2.4836
7.3500,-9.2836,-11.7820,0.0000,0.0000,0.0000,2.4742
7.4000,-9.3930,-11.6949,0.0000,0.0000,0.0000,2.4649
7.4500,-9.5017,-11.6068,0.0000,0.0000,0.0000,2.4556
7.5000,-9.6096,-11.5176,0.0000,0.0000,0.0000,2.4463
7.5500,-9.7167,-11.4274,0.0000,0.0000,0.0000,2.4369
7.6000,-9.8229,-11.3362,0.0000,0.0000,0.0000,2.4276
7.6500,-9.9283,-11.2441,0.0000,0.0000,0.0000,2.4183
7.7000,-10.0328,-11.1509,0.0000,0.0000,0.0000,2.4089
7.7500,-10.1365,-11.0568,0.0000,0.0000,0.0000,2.3996
7.8000,-10.2392,-10.9617,0.0000,0.0000,0.0000,2.3903
7.8500,-10.3411,-10.8656,0.0000,0.0000,0.0000,2.3809
7.9000,-10.4420,-10.7687,0.0000,0.0000,0.0000,2.3716
7.9500,-10.5421,-10.6707,0.0000,0.0000,0.0000,2.3623
8.0000,-10.6412,-10.5719,0.0000,0.0000,0.0000,2.3529
8.0500,-10.7394,-10.4721,0.0000,0.0000,0.0000,2.3436
8.1000,-10.8367,-10.3714,0.0000,0.0000,0.0000,2.3343
8.1500,-10.9330,-10.2698,0.0000,0.0000,0.0000,2.3249
8.2000,-11.0284,-10.1673,0.0000,0.0000,0.0000,2.3156
8.2500,-11.1228,-10.0640,0.0000,0.0000,0.0000,2.3063
8.3000,-11.2162,-9.9597,0.0000,0.0000,0.0000,2.2969
8.3500,-11.3087,-9.8546,0.0000,0.0000,0.0000,2.2876
8.4000,-11.4002,-9.7486,0.0000,0.0000,0.0000,2.2783
8.4500,-11.4907,-9.6418,0.0000,0.0000,0.0000,2.2689
8.5000,-11.5802,-9.5341,0.0000,0.0000,0.0000,2.2596
8.5500,-11.6687,-9.4256,0.0000,0.0000,0.0000,2.2503
8.6000,-11.7561,-9.3163,0.0000,0.0000,0.0000,2.2409
8.6500,-11.8426,-9.2062,0.0000,0.0000,0.0000,2.2316
8.7000,-11.9280,-9.0953,0.0000,0.0000,0.0000,2.2223
8.7500,-12.0123,-8.9835,0.0000,0.0000,0.0000,2.2129
8.8000,-12.0957,-8.8710,0.0000,0.0000,0.0000,2.2036
8.8500,-12.1779,-8.7578,0.0000,0.0000,0.0000,2.1943
8.9000,-12.2591,-8.6437,0.0000,0.0000,0.0000,2.1849
8.9500,-12.3393,-8.5289,0.0000,0.0000,0.0000,2.1756
9.0000,-12.4183,-8.4134,0.0000,0.0000,0.0000,2.1663
9.0500,-12.4963,-8.2971,0.0000,0.0000,0.0000,2.1569
9.1000,-12.5732,-8.1801,0.0000,0.0000,0.0000,2.1476
9.1500,-12.6490,-8.0624,0.0000,0.0000,0.0000,2.1383
9.2000,-12.7237,-7.9440,0.0000,0.0000,0.0000,2.1289
9.2500,-12.7973,-7.8249,0.0000,0.0000,0.0000,2.1196
9.3000,-12.8698,-7.7051,0.0000,0.0000,0.0000,2.1103
9.3500,-12.9411,-7.5847,0.0000,0.0000,0.0000,2.1009
9.4000,-13.0113,-7.4636,0.0000,0.0000,0.0000,2.0916
9.4500,-13.0804,-7.3418,0.0000,0.0000,0.0000,2.0823
9.5000,-13.1484,-7.2194,0.0000,0.0000,0.0000,2.0729
9.5500,-13.2152,-7.0964,0.0000,0.0000,0.0000,2.0636
9.6000,-13.2809,-6.9727,0.0000,0.0000,0.0000,2.0543
9.6500,-13.3454,-6.8485,0.0000,0.0000,0.0000,2.0449
9.7000,-13.4087,-6.7236,0.0000,0.0000,0.0000,2.0356
9.7500,-13.4709,-6.5982,0.0000,0.0000,0.0000,2.0263
9.8000,-13.5319,-6.4722,0.0000,0.0000,0.0000,2.0169
9.8500,-13.5917,-6.3456,0.0000,0.0000,0.0000,2.0076
9.9000,-13.6503,-6.2185,0.0000,0.0000,0.0000,1.9983
9.9500,-13.7077,-6.0908,0.0000,0.0000,0.0000,1.9889
10.0000,-13.7640,-5.9626,0.0000,0.0000,0.0000,1.9796
10.0500,-13.8190,-5.8339,0.0000,0.0000,0.0000,1.9703
10.1000,-13.8729,-5.7046,0.0000,0.0000,0.0000,1.9609
10.1500,-13.9255,-5.5749,0.0000,0.0000,0.0000,1.9516
10.2000,-13.9770,-5.4447,0.0000,0.0000,0.0000,1.9423
10.2500,-14.0272,-5.3140,0.0000,0.0000,0.0000,1.9329
10.3000,-14.0762,-5.1828,0.0000,0.0000,0.0000,1.9236
10.3500,-14.1239,-5.0512,0.0000,0.0000,0.0000,1.9143
10.4000,-14.1704,-4.9192,0.0000,0.0000,0.0000,1.9049
10.4500,-14.2157,-4.7867,0.0000,0.0000,0.0000,1.8956
10.5000,-14.2598,-4.6538,0.0000,0.0000,0.0000,1.8863
10.5500,-14.3026,-4.5206,0.0000,0.0000,0.0000,1.8769
10.6000,-14.3442,-4.3869,0.0000,0.0000,0.0000,1.8676
10.6500,-14.3845,-4.2528,0.0000,0.0000,0.0000,1.8583
10.7000,-14.4236,-4.1184,0.0000,0.0000,0.0000,1.8489
10.7500,-14.4614,-3.9836,0.0000,0.0000,0.0000,1.8396
10.8000,-14.4979,-3.8484,0.0000,0.0000,0.0000,1.8303
10.8500,-14.5332,-3.7129,0.0000,0.0000,0.0000,1.8209
10.9000,-14.5672,-3.5771,0.0000,0.0000,0.0000,1.8116
10.9500,-14.6000,-3.4410,0.0000,0.0000,0.0000,1.8023
11.0000,-14.6315,-3.3046,0.0000,0.0000,0.0000,1.7929
11.0500,-14.6617,-3.1679,0.0000,0.0000,0.0000,1.7836
11.1000,-14.6906,-3.0309,0.0000,0.0000,0.0000,1.7743
11.1500,-14.7182,-2.8937,0.0000,0.0000,0.0000,1.7649
11.2000,-14.7446,-2.7562,0.0000,0.0000,0.0000,1.7556
11.2500,-14.7697,-2.6185,0.0000,0.0000,0.0000,1.7463
11.3000,-14.7935,-2.4805,0.0000,0.0000,0.0000,1.7369
11.3500,-14.8160,-2.3423,0.0000,0.0000,0.0000,1.7276
11.4000,-14.8372,-2.2039,0.0000,0.0000,0.0000,1.7183
11.4500,-14.8571,-2.0654,0.0000,0.0000,0.0000,1.7089
11.5000,-14.8758,-1.9266,0.0000,0.0000,0.0000,1.6996
11.5500,-14.8931,-1.7877,0.0000,0.0000,0.0000,1.6903
11.6000,-14.9091,-1.6486,0.0000,0.0000,0.0000,1.6809
11.6500,-14.9239,-1.5094,0.0000,0.0000,0.0000,1.6716
11.7000,-14.9373,-1.3700,0.0000,0.0000,0.0000,1.6623
11.7500,-14.9494,-1.2306,0.0000,0.0000,0.0000,1.6529
11.8000,-14.9603,-1.0910,0.0000,0.0000,0.0000,1.6436
11.8500,-14.9698,-0.9513,0.0000,0.0000,0.0000,1.6343
11.9000,-14.9780,-0.8115,0.0000,0.0000,0.0000,1.6249
11.9500,-14.9850,-0.6717,0.0000,0.0000,0.0000,1.6156
12.0000,-14.9906,-0.5318,0.0000,0.0000,0.0000,1.6063
12.0500,-14.9949,-0.3919,0.0000,0.0000,0.0000,1.5969
12.1000,-14.9979,-0.2519,0.0000,0.0000,0.0000,1.5876
12.1500,-14.9996,-0.1119,0.0000,0.0000,0.0000,1.5783
12.2000,-15.0000,0.0281,0.0000,0.0000,0.0000,1.5689
12.2500,-14.9991,0.1681,0.0000,0.0000,0.0000,1.5596
12.3000,-14.9968,0.3080,0.0000,0.0000,0.0000,1.5503
12.3500,-14.9933,0.4480,0.0000,0.0000,0.0000,1.5409
12.4000,-14.9885,0.5879,0.0000,0.0000,0.0000,1.5316
12.4500,-14.9823,0.7278,0.0000,0.0000,0.0000,1.5223
12.5000,-14.9749,0.8676,0.0000,0.0000,0.0000,1.5129
12.5500,-14.9661,1.0073,0.0000,0.0000,0.0000,1.5036
12.6000,-14.9561,1.1469,0.0000,0.0000,0.0000,1.4943
12.6500,-14.9447,1.2865,0.0000,0.0000,0.0000,1.4849
12.7000,-14.9321,1.4259,0.0000,0.0000,0.0000,1.4756
12.7500,-14.9181,1.5652,0.0000,0.0000,0.0000,1.4663
12.8000,-14.9029,1.7044,0.0000,0.0000,0.0000,1.4569
12.8500,-14.8863,1.8434,0.0000,0.0000,0.0000,1.4476
12.9000,-14.8684,1.9822,0.0000,0.0000,0.0000,1.4383
12.9500,-14.8493,2.1209,0.0000,0.0000,0.0000,1.4289
13.0000,-14.8289,2.2594,0.0000,0.0000,0.0000,1.4196
13.0500,-14.8071,2.3977,0.0000,0.0000,0.0000,1.4103
13.1000,-14.7841,2.5358,0.0000,0.0000,0.0000,1.4009
13.1500,-14.7598,2.6737,0.0000,0.0000,0.0000,1.3916
13.2000,-14.7342,2.8113,0.0000,0.0000,0.0000,1.3823
13.2500,-14.7073,2.9487,0.0000,0.0000,0.0000,1.3729
13.3000,-14.6792,3.0859,0.0000,0.0000,0.0000,1.3636
13.3500,-14.6497,3.2227,0.0000,0.0000,0.0000,1.3543
13.4000,-14.6190,3.3593,0.0000,0.0000,0.0000,1.3449
13.4500,-14.5870,3.4956,0.0000,0.0000,0.0000,1.3356
13.5000,-14.5537,3.6316,0.0000,0.0000,0.0000,1.3263
13.5500,-14.5192,3.7673,0.0000,0.0000,0.0000,1.3169
13.6000,-14.4834,3.9026,0.0000,0.0000,0.0000,1.3076
13.6500,-14.4464,4.0376,0.0000,0.0000,0.0000,1.2983
13.7000,-14.4081,4.1723,0.0000,0.0000,0.0000,1.2889
13.7500,-14.3685,4.3066,0.0000,0.0000,0.0000,1.2796
13.8000,-14.3277,4.4405,0.0000,0.0000,0.0000,1.2703
13.8500,-14.2856,4.5740,0.0000,0.0000,0.0000,1.2609
13.9000,-14.2423,4.7072,0.0000,0.0000,0.0000,1.2516
13.9500,-14.1977,4.8399,0.0000,0.0000,0.0000,1.2423
14.0000,-14.1519,4.9722,0.0000,0.0000,0.0000,1.2329
14.0500,-14.1049,5.1040,0.0000,0.0000,0.0000,1.2236
14.1000,-14.0567,5.2355,0.0000,0.0000,0.0000,1.2143
14.1500,-14.0072,5.3664,0.0000,0.0000,0.0000,1.2049
14.2000,-13.9565,5.4969,0.0000,0.0000,0.0000,1.1956
14.2500,-13.9046,5.6269,0.0000,0.0000,0.0000,1.1863
14.3000,-13.8515,5.7565,0.0000,0.0000,0.0000,1.1769
14.3500,-13.7971,5.8855,0.0000,0.0000,0.0000,1.1676
14.4000,-13.7416,6.0140,0.0000,0.0000,0.0000,1.1583
14.4500,-13.6849,6.1420,0.0000,0.0000,0.0000,1.1489
14.5000,-13.6269,6.2695,0.0000,0.0000,0.0000,1.1396
14.5500,-13.5678,6.3964,0.0000,0.0000,0.0000,1.1303
14.6000,-13.5076,6.5227,0.0000,0.0000,0.0000,1.1209
14.6500,-13.4461,6.6485,0.0000,0.0000,0.0000,1.1116
14.7000,-13.3834,6.7737,0.0000,0.0000,0.0000,1.1023
14.7500,-13.3196,6.8983,0.0000,0.0000,0.0000,1.0929
14.8000,-13.2547,7.0224,0.0000,0.0000,0.0000,1.0836
14.8500,-13.1886,7.1458,0.0000,0.0000,0.0000,1.0743
14.9000,-13.1213,7.2685,0.0000,0.0000,0.0000,1.0649
14.9500,-13.0529,7.3907,0.0000,0.0000,0.0000,1.0556
15.0000,-12.9833,7.5122,0.0000,0.0000,0.0000,1.0463
15.0500,-12.9127,7.6330,0.0000,0.0000,0.0000,1.0369
15.1000,-12.8409,7.7532,0.0000,0.0000,0.0000,1.0276
15.1500,-12.7679,7.8727,0.0000,0.0000,0.0000,1.0183
15.2000,-12.6939,7.9915,0.0000,0.0000,0.0000,1.0089
15.2500,-12.6188,8.1097,0.0000,0.0000,0.0000,0.9996
15.3000,-12.5425,8.2271,0.0000,0.0000,0.0000,0.9903
15.3500,-12.4652,8.3438,0.0000,0.0000,0.0000,0.9809
15.4000,-12.3868,8.4598,0.0000,0.0000,0.0000,0.9716
15.4500,-12.3073,8.5750,0.0000,0.0000,0.0000,0.9623
15.5000,-12.2267,8.6895,0.0000,0.0000,0.0000,0.9529
15.5500,-12.1451,8.8032,0.0000,0.0000,0.0000,0.9436
15.6000,-12.0624,8.9162,0.0000,0.0000,0.0000,0.9343
15.6500,-11.9786,9.0284,0.0000,0.0000,0.0000,0.9249
15.7000,-11.8939,9.1398,0.0000,0.0000,0.0000,0.9156
15.7500,-11.8080,9.2504,0.0000,0.0000,0.0000,0.9063
15.8000,-11.7212,9.3602,0.0000,0.0000,0.0000,0.8969
15.8500,-11.6333,9.4692,0.0000,0.0000,0.0000,0.8876
15.9000,-11.5444,9.5774,0.0000,0.0000,0.0000,0.8783
15.9500,-11.4545,9.6847,0.0000,0.0000,0.0000,0.8689
16.0000,-11.3637,9.7912,0.0000,0.0000,0.0000,0.8596
16.0500,-11.2718,9.8968,0.0000,0.0000,0.0000,0.8503
16.1000,-11.1789,10.0016,0.0000,0.0000,0.0000,0.8409
16.1500,-11.0851,10.1055,0.0000,0.0000,0.0000,0.8316
16.2000,-10.9903,10.2085,0.0000,0.0000,0.0000,0.8223
16.2500,-10.8945,10.3106,0.0000,0.0000,0.0000,0.8129
16.3000,-10.7978,10.4119,0.0000,0.0000,0.0000,0.8036
16.3500,-10.7002,10.5122,0.0000,0.0000,0.0000,0.7943
16.4000,-10.6016,10.6116,0.0000,0.0000,0.0000,0.7849
16.4500,-10.5021,10.7101,0.0000,0.0000,0.0000,0.7756
16.5000,-10.4017,10.8076,0.0000,0.0000,0.0000,0.7663
16.5500,-10.3004,10.9043,0.0000,0.0000,0.0000,0.7569
16.6000,-10.1981,10.9999,0.0000,0.0000,0.0000,0.7476
16.6500,-10.0950,11.0946,0.0000,0.0000,0.0000,0.7383
16.7000,-9.9910,11.1884,0.0000,0.0000,0.0000,0.7289
16.7500,-9.8862,11.2811,0.0000,0.0000,0.0000,0.7196
16.8000,-9.7805,11.3729,0.0000,0.0000,0.0000,0.7103
16.8500,-9.6739,11.4637,0.0000,0.0000,0.0000,0.7009
16.9000,-9.5665,11.5535,0.0000,0.0000,0.0000,0.6916
16.9500,-9.4582,11.6423,0.0000,0.0000,0.0000,0.6823
17.0000,-9.3492,11.7300,0.0000,0.0000,0.0000,0.6729
17.0500,-9.2393,11.8168,0.0000,0.0000,0.0000,0.6636
17.1000,-9.1286,11.9025,0.0000,0.0000,0.0000,0.6543
17.1500,-9.0171,11.9872,0.0000,0.0000,0.0000,0.6449
17.2000,-8.9048,12.0708,0.0000,0.0000,0.0000,0.6356
17.2500,-8.7918,12.1534,0.0000,0.0000,0.0000,0.6263
17.3000,-8.6780,12.2349,0.0000,0.0000,0.0000,0.6169
17.3500,-8.5634,12.3154,0.0000,0.0000,0.0000,0.6076
17.4000,-8.4481,12.3948,0.0000,0.0000,0.0000,0.5983
17.4500,-8.3320,12.4731,0.0000,0.0000,0.0000,0.5889
17.5000,-8.2152,12.5503,0.0000,0.0000,0.0000,0.5796
17.5500,-8.0978,12.6264,0.0000,0.0000,0.0000,0.5703
17.6000,-7.9796,12.7014,0.0000,0.0000,0.0000,0.5609
17.6500,-7.8607,12.7754,0.0000,0.0000,0.0000,0.5516
17.7000,-7.7411,12.8482,0.0000,0.0000,0.0000,0.5423
17.7500,-7.6208,12.9199,0.0000,0.0000,0.0000,0.5329
17.8000,-7.4999,12.9904,0.0000,0.0000,0.0000,0.5236
17.8500,-7.3784,13.0599,0.0000,0.0000,0.0000,0.5143
17.9000,-7.2561,13.1282,0.0000,0.0000,0.0000,0.5049
17.9500,-7.1333,13.1953,0.0000,0.0000,0.0000,0.4956
18.0000,-7.0098,13.2613,0.0000,0.0000,0.0000,0.4863
18.0500,-6.8858,13.3262,0.0000,0.0000,0.0000,0.4769
18.1000,-6.7611,13.3898,0.0000,0.0000,0.0000,0.4676
18.1500,-6.6358,13.4524,0.0000,0.0000,0.0000,0.4583
18.2000,-6.5100,13.5137,0.0000,0.0000,0.0000,0.4489
18.2500,-6.3836,13.5739,0.0000,0.0000,0.0000,0.4396
18.3000,-6.2566,13.6329,0.0000,0.0000,0.0000,0.4303
18.3500,-6.1291,13.6907,0.0000,0.0000,0.0000,0.4209
18.4000,-6.0010,13.7473,0.0000,0.0000,0.0000,0.4116
18.4500,-5.8725,13.8027,0.0000,0.0000,0.0000,0.4023
18.5000,-5.7434,13.8569,0.0000,0.0000,0.0000,0.3929
18.5500,-5.6138,13.9099,0.0000,0.0000,0.0000,0.3836
18.6000,-5.4837,13.9617,0.0000,0.0000,0.0000,0.3743
18.6500,-5.3532,14.0123,0.0000,0.0000,0.0000,0.3649
18.7000,-5.2222,14.0616,0.0000,0.0000,0.0000,0.3556
18.7500,-5.0907,14.1097,0.0000,0.0000,0.0000,0.3463
18.8000,-4.9588,14.1566,0.0000,0.0000,0.0000,0.3369
18.8500,-4.8265,14.2023,0.0000,0.0000,0.0000,0.3276
18.9000,-4.6937,14.2467,0.0000,0.0000,0.0000,0.3183
18.9500,-4.5605,14.2899,0.0000,0.0000,0.0000,0.3089
19.0000,-4.4270,14.3319,0.0000,0.0000,0.0000,0.2996
19.0500,-4.2930,14.3725,0.0000,0.0000,0.0000,0.2903
19.1000,-4.1587,14.4120,0.0000,0.0000,0.0000,0.2809
19.1500,-4.0240,14.4502,0.0000,0.0000,0.0000,0.2716
19.2000,-3.8889,14.4871,0.0000,0.0000,0.0000,0.2623
19.2500,-3.7536,14.5228,0.0000,0.0000,0.0000,0.2529
19.3000,-3.6179,14.5572,0.0000,0.0000,0.0000,0.2436
19.3500,-3.4818,14.5903,0.0000,0.0000,0.0000,0.2343
19.4000,-3.3455,14.6222,0.0000,0.0000,0.0000,0.2249
19.4500,-3.2089,14.6527,0.0000,0.0000,0.0000,0.2156
19.5000,-3.0720,14.6821,0.0000,0.0000,0.0000,0.2063
19.5500,-2.9348,14.7101,0.0000,0.0000,0.0000,0.1969
19.6000,-2.7974,14.7368,0.0000,0.0000,0.0000,0.1876
19.6500,-2.6598,14.7623,0.0000,0.0000,0.0000,0.1783
19.7000,-2.5219,14.7865,0.0000,0.0000,0.0000,0.1689
19.7500,-2.3837,14.8094,0.0000,0.0000,0.0000,0.1596
19.8000,-2.2454,14.8310,0.0000,0.0000,0.0000,0.1503
19.8500,-2.1069,14.8513,0.0000,0.0000,0.0000,0.1409
19.9000,-1.9682,14.8703,0.0000,0.0000,0.0000,0.1316
19.9500,-1.8293,14.8880,0.0000,0.0000,0.0000,0.1223
20.0000,-1.6903,14.9045,0.0000,0.0000,0.0000,0.1129
20.0500,-1.5511,14.9196,0.0000,0.0000,0.0000,0.1036
20.1000,-1.4118,14.9334,0.0000,0.0000,0.0000,0.0943
20.1500,-1.2724,14.9459,0.0000,0.0000,0.0000,0.0849
20.2000,-1.1328,14.9572,0.0000,0.0000,0.0000,0.0756
20.2500,-0.9932,14.9671,0.0000,0.0000,0.0000,0.0663
20.3000,-0.8534,14.9757,0.0000,0.0000,0.0000,0.0569
20.3500,-0.7136,14.9830,0.0000,0.0000,0.0000,0.0476
20.4000,-0.5737,14.9890,0.0000,0.0000,0.0000,0.0383
20.4500,-0.4338,14.9937,0.0000,0.0000,0.0000,0.0289
20.5000,-0.2939,14.9971,0.0000,0.0000,0.0000,0.0196
20.5500,-0.1539,14.9992,0.0000,0.0000,0.0000,0.0103
20.6000,-0.0139,15.0000,0.0000,0.0000,0.0000,0.0009
20.6500,0.1261,14.9995,0.0000,0.0000,0.0000,-0.0084
20.7000,0.2661,14.9976,0.0000,0.0000,0.0000,-0.0177
20.7500,0.4061,14.9945,0.0000,0.0000,0.0000,-0.0271
20.8000,0.5460,14.9901,0.0000,0.0000,0.0000,-0.0364
20.8500,0.6859,14.9843,0.0000,0.0000,0.0000,-0.0457
20.9000,0.8257,14.9773,0.0000,0.0000,0.0000,-0.0551
20.9500,0.9654,14.9689,0.0000,0.0000,0.0000,-0.0644
21.0000,1.1051,14.9592,0.0000,0.0000,0.0000,-0.0737
21.0500,1.2447,14.9483,0.0000,0.0000,0.0000,-0.0831
21.1000,1.3841,14.9360,0.0000,0.0000,0.0000,-0.0924
21.1500,1.5235,14.9224,0.0000,0.0000,0.0000,-0.1017
21.2000,1.6627,14.9076,0.0000,0.0000,0.0000,-0.1111
21.2500,1.8017,14.8914,0.0000,0.0000,0.0000,-0.1204
21.3000,1.9407,14.8739,0.0000,0.0000,0.0000,-0.1297
21.3500,2.0794,14.8552,0.0000,0.0000,0.0000,-0.1391
21.4000,2.2179,14.8351,0.0000,0.0000,0.0000,-0.1484
21.4500,2.3563,14.8138,0.0000,0.0000,0.0000,-0.1577
21.5000,2.4945,14.7911,0.0000,0.0000,0.0000,-0.1671
21.5500,2.6324,14.7672,0.0000,0.0000,0.0000,-0.1764
21.6000,2.7701,14.7420,0.0000,0.0000,0.0000,-0.1857
21.6500,2.9076,14.7155,0.0000,0.0000,0.0000,-0.1951
21.7000,3.0448,14.6877,0.0000,0.0000,0.0000,-0.2044
21.7500,3.1818,14.6587,0.0000,0.0000,0.0000,-0.2137
21.8000,3.3184,14.6283,0.0000,0.0000,0.0000,-0.2231
21.8500,3.4548,14.5967,0.0000,0.0000,0.0000,-0.2324
21.9000,3.5909,14.5638,0.0000,0.0000,0.0000,-0.2417
21.9500,3.7267,14.5297,0.0000,0.0000,0.0000,-0.2511
22.0000,3.8621,14.4943,0.0000,0.0000,0.0000,-0.2604
22.0500,3.9972,14.4576,0.0000,0.0000,0.0000,-0.2697
22.1000,4.1320,14.4197,0.0000,0.0000,0.0000,-0.2791
22.1500,4.2664,14.3805,0.0000,0.0000,0.0000,-0.2884
22.2000,4.4004,14.3400,0.0000,0.0000,0.0000,-0.2977
22.2500,4.5341,14.2983,0.0000,0.0000,0.0000,-0.3071
22.3000,4.6673,14.2554,0.0000,0.0000,0.0000,-0.3164
22.3500,4.8002,14.2112,0.0000,0.0000,0.0000,-0.3257
22.4000,4.9326,14.1658,0.0000,0.0000,0.0000,-0.3351
22.4500,5.0646,14.1191,0.0000,0.0000,0.0000,-0.3444
22.5000,5.1961,14.0713,0.0000,0.0000,0.0000,-0.3537
22.5500,5.3272,14.0221,0.0000,0.0000,0.0000,-0.3631
22.6000,5.4579,13.9718,0.0000,0.0000,0.0000,-0.3724
22.6500,5.5880,13.9203,0.0000,0.0000,0.0000,-0.3817
22.7000,5.7177,13.8675,0.0000,0.0000,0.0000,-0.3911
22.7500,5.8469,13.8135,0.0000,0.0000,0.0000,-0.4004
22.8000,5.9756,13.7584,0.0000,0.0000,0.0000,-0.4097
22.8500,6.1037,13.7020,0.0000,0.0000,0.0000,-0.4191
22.9000,6.2313,13.6444,0.0000,0.0000,0.0000,-0.4284
22.9500,6.3584,13.5857,0.0000,0.0000,0.0000,-0.4377
23.0000,6.4849,13.5257,0.0000,0.0000,0.0000,-0.4471
23.0500,6.6109,13.4646,0.0000,0.0000,0.0000,-0.4564
23.1000,6.7363,13.4023,0.0000,0.0000,0.0000,-0.4657
23.1500,6.8611,13.3389,0.0000,0.0000,0.0000,-0.4751
23.2000,6.9853,13.2743,0.0000,0.0000,0.0000,-0.4844
23.2500,7.1088,13.2085,0.0000,0.0000,0.0000,-0.4937
23.3000,7.2318,13.1416,0.0000,0.0000,0.0000,-0.5031
23.3500,7.3542,13.0735,0.0000,0.0000,0.0000,-0.5124
23.4000,7.4758,13.0043,0.0000,0.0000,0.0000,-0.5217
23.4500,7.5969,12.9340,0.0000,0.0000,0.0000,-0.5311
23.5000,7.7173,12.8625,0.0000,0.0000,0.0000,-0.5404
23.5500,7.8370,12.7899,0.0000,0.0000,0.0000,-0.5497
23.6000,7.9560,12.7162,0.0000,0.0000,0.0000,-0.5591
23.6500,8.0744,12.6414,0.0000,0.0000,0.0000,-0.5684
23.7000,8.1920,12.5655,0.0000,0.0000,0.0000,-0.5777
23.7500,8.3089,12.4885,0.0000,0.0000,0.0000,-0.5871
23.8000,8.4251,12.4104,0.0000,0.0000,0.0000,-0.5964
23.8500,8.5406,12.3312,0.0000,0.0000,0.0000,-0.6057
23.9000,8.6553,12.2510,0.0000,0.0000,0.0000,-0.6151
23.9500,8.7692,12.1696,0.0000,0.0000,0.0000,-0.6244
24.0000,8.8824,12.0873,0.0000,0.0000,0.0000,-0.6337
24.0500,8.9949,12.0038,0.0000,0.0000,0.0000,-0.6431
24.1000,9.1065,11.9194,0.0000,0.0000,0.0000,-0.6524
24.1500,9.2174,11.8339,0.0000,0.0000,0.0000,-0.6617
24.2000,9.3274,11.7473,0.0000,0.0000,0.0000,-0.6711
24.2500,9.4366,11.6597,0.0000,0.0000,0.0000,-0.6804
24.3000,9.5451,11.5712,0.0000,0.0000,0.0000,-0.6897
24.3500,9.6526,11.4816,0.0000,0.0000,0.0000,-0.6991
24.4000,9.7594,11.3910,0.0000,0.0000,0.0000,-0.7084
24.4500,9.8653,11.2994,0.0000,0.0000,0.0000,-0.7177
24.5000,9.9703,11.2068,0.0000,0.0000,0.0000,-0.7271
24.5500,10.0745,11.1133,0.0000,0.0000,0.0000,-0.7364
24.6000,10.1777,11.0188,0.0000,0.0000,0.0000,-0.7457
24.6500,10.2801,10.9233,0.0000,0.0000,0.0000,-0.7551
24.7000,10.3816,10.8269,0.0000,0.0000,0.0000,-0.7644
24.7500,10.4822,10.7295,0.0000,0.0000,0.0000,-0.7737
24.8000,10.5819,10.6312,0.0000,0.0000,0.0000,-0.7831
24.8500,10.6807,10.5320,0.0000,0.0000,0.0000,-0.7924
24.9000,10.7785,10.4319,0.0000,0.0000,0.0000,-0.8017
24.9500,10.8754,10.3308,0.0000,0.0000,0.0000,-0.8111
25.0000,10.9714,10.2288,0.0000,0.0000,0.0000,-0.8204
25.0500,11.0663,10.1260,0.0000,0.0000,0.0000,-0.8297
25.1000,11.1604,10.0223,0.0000,0.0000,0.0000,-0.8391
25.1500,11.2534,9.9177,0.0000,0.0000,0.0000,-0.8484
25.2000,11.3455,9.8122,0.0000,0.0000,0.0000,-0.8577
25.2500,11.4366,9.7059,0.0000,0.0000,0.0000,-0.8671
25.3000,11.5267,9.5987,0.0000,0.0000,0.0000,-0.8764
25.3500,11.6158,9.4907,0.0000,0.0000,0.0000,-0.8857
25.4000,11.7038,9.3819,0.0000,0.0000,0.0000,-0.8951
25.4500,11.7909,9.2723,0.0000,0.0000,0.0000,-0.9044
25.5000,11.8769,9.1618,0.0000,0.0000,0.0000,-0.9137
25.5500,11.9619,9.0506,0.0000,0.0000,0.0000,-0.9231
25.6000,12.0459,8.9385,0.0000,0.0000,0.0000,-0.9324
25.6500,12.1288,8.8257,0.0000,0.0000,0.0000,-0.9417
25.7000,12.2106,8.7121,0.0000,0.0000,0.0000,-0.9511
25.7500,12.2914,8.5978,0.0000,0.0000,0.0000,-0.9604
25.8000,12.3711,8.4827,0.0000,0.0000,0.0000,-0.9697
25.8500,12.4497,8.3669,0.0000,0.0000,0.0000,-0.9791
25.9000,12.5273,8.2503,0.0000,0.0000,0.0000,-0.9884
25.9500,12.6037,8.1330,0.0000,0.0000,0.0000,-0.9977
26.0000,12.6791,8.0150,0.0000,0.0000,0.0000,-1.0071
26.0500,12.7533,7.8964,0.0000,0.0000,0.0000,-1.0164
26.1000,12.8265,7.7770,0.0000,0.0000,0.0000,-1.0257
26.1500,12.8985,7.6569,0.0000,0.0000,0.0000,-1.0351
26.2000,12.9694,7.5362,0.0000,0.0000,0.0000,-1.0444
26.2500,13.0392,7.4148,0.0000,0.0000,0.0000,-1.0537
26.3000,13.1078,7.2928,0.0000,0.0000,0.0000,-1.0631
26.3500,13.1753,7.1702,0.0000,0.0000,0.0000,-1.0724
26.4000,13.2417,7.0469,0.0000,0.0000,0.0000,-1.0817
26.4500,13.3068,6.9230,0.0000,0.0000,0.0000,-1.0911
26.5000,13.3709,6.7985,0.0000,0.0000,0.0000,-1.1004
26.5500,13.4338,6.6734,0.0000,0.0000,0.0000,-1.1097
26.6000,13.4954,6.5477,0.0000,0.0000,0.0000,-1.1191
26.6500,13.5560,6.4215,0.0000,0.0000,0.0000,-1.1284
26.7000,13.6153,6.2947,0.0000,0.0000,0.0000,-1.1377
26.7500,13.6735,6.1673,0.0000,0.0000,0.0000,-1.1471
26.8000,13.7304,6.0395,0.0000,0.0000,0.0000,-1.1564
26.8500,13.7862,5.9110,0.0000,0.0000,0.0000,-1.1657
26.9000,13.8408,5.7821,0.0000,0.0000,0.0000,-1.1751
26.9500,13.8941,5.6527,0.0000,0.0000,0.0000,-1.1844
27.0000,13.9463,5.5228,0.0000,0.0000,0.0000,-1.1937
27.0500,13.9972,5.3924,0.0000,0.0000,0.0000,-1.2031
27.1000,14.0469,5.2615,0.0000,0.0000,0.0000,-1.2124
27.1500,14.0954,5.1302,0.0000,0.0000,0.0000,-1.2217
27.2000,14.1427,4.9984,0.0000,0.0000,0.0000,-1.2311
27.2500,14.1887,4.8662,0.0000,0.0000,0.0000,-1.2404
27.3000,14.2335,4.7335,0.0000,0.0000,0.0000,-1.2497
27.3500,14.2771,4.6005,0.0000,0.0000,0.0000,-1.2591
27.4000,14.3194,4.4670,0.0000,0.0000,0.0000,-1.2684
27.4500,14.3605,4.3332,0.0000,0.0000,0.0000,-1.2777
27.5000,14.4003,4.1990,0.0000,0.0000,0.0000,-1.2871
27.5500,14.4389,4.0644,0.0000,0.0000,0.0000,-1.2964
27.6000,14.4762,3.9294,0.0000,0.0000,0.0000,-1.3057
27.6500,14.5122,3.7942,0.0000,0.0000,0.0000,-1.3151
27.7000,14.5470,3.6586,0.0000,0.0000,0.0000,-1.3244
27.7500,14.5805,3.5226,0.0000,0.0000,0.0000,-1.3337
27.8000,14.6127,3.3864,0.0000,0.0000,0.0000,-1.3431
27.8500,14.6437,3.2499,0.0000,0.0000,0.0000,-1.3524
27.9000,14.6734,3.1130,0.0000,0.0000,0.0000,-1.3617
27.9500,14.7018,2.9760,0.0000,0.0000,0.0000,-1.3711
28.0000,14.7290,2.8386,0.0000,0.0000,0.0000,-1.3804
28.0500,14.7548,2.7010,0.0000,0.0000,0.0000,-1.3897
28.1000,14.7794,2.5632,0.0000,0.0000,0.0000,-1.3991
28.1500,14.8027,2.4251,0.0000,0.0000,0.0000,-1.4084
28.2000,14.8246,2.2869,0.0000,0.0000,0.0000,-1.4177
28.2500,14.8453,2.1484,0.0000,0.0000,0.0000,-1.4271
28.3000,14.8648,2.0098,0.0000,0.0000,0.0000,-1.4364
28.3500,14.8829,1.8709,0.0000,0.0000,0.0000,-1.4457
28.4000,14.8997,1.7320,0.0000,0.0000,0.0000,-1.4551
28.4500,14.9152,1.5928,0.0000,0.0000,0.0000,-1.4644
28.5000,14.9294,1.4536,0.0000,0.0000,0.0000,-1.4737
28.5500,14.9423,1.3141,0.0000,0.0000,0.0000,-1.4831
28.6000,14.9539,1.1746,0.0000,0.0000,0.0000,-1.4924
28.6500,14.9642,1.0350,0.0000,0.0000,0.0000,-1.5017
28.7000,14.9733,0.8953,0.0000,0.0000,0.0000,-1.5111
28.7500,14.9810,0.7555,0.0000,0.0000,0.0000,-1.5204
28.8000,14.9874,0.6157,0.0000,0.0000,0.0000,-1.5297
28.8500,14.9925,0.4758,0.0000,0.0000,0.0000,-1.5391
28.9000,14.9962,0.3358,0.0000,0.0000,0.0000,-1.5484
28.9500,14.9987,0.1958,0.0000,0.0000,0.0000,-1.5577
29.0000,14.9999,0.0558,0.0000,0.0000,0.0000,-1.5671
29.0500,14.9998,-0.0842,0.0000,0.0000,0.0000,-1.5764
29.1000,14.9983,-0.2242,0.0000,0.0000,0.0000,-1.5857
29.1500,14.9956,-0.3641,0.0000,0.0000,0.0000,-1.5951
29.2000,14.9915,-0.5041,0.0000,0.0000,0.0000,-1.6044
29.2500,14.9862,-0.6440,0.0000,0.0000,0.0000,-1.6137
29.3000,14.9795,-0.7838,0.0000,0.0000,0.0000,-1.6231
29.3500,14.9715,-0.9236,0.0000,0.0000,0.0000,-1.6324
29.4000,14.9623,-1.0633,0.0000,0.0000,0.0000,-1.6417
29.4500,14.9517,-1.2029,0.0000,0.0000,0.0000,-1.6511
29.5000,14.9398,-1.3424,0.0000,0.0000,0.0000,-1.6604
29.5500,14.9266,-1.4817,0.0000,0.0000,0.0000,-1.6697
29.6000,14.9122,-1.6210,0.0000,0.0000,0.0000,-1.6791
29.6500,14.8964,-1.7601,0.0000,0.0000,0.0000,-1.6884
29.7000,14.8793,-1.8991,0.0000,0.0000,0.0000,-1.6977
29.7500,14.8609,-2.0378,0.0000,0.0000,0.0000,-1.7071
29.8000,14.8413,-2.1765,0.0000,0.0000,0.0000,-1.7164
29.8500,14.8203,-2.3149,0.0000,0.0000,0.0000,-1.7257
29.9000,14.7981,-2.4531,0.0000,0.0000,0.0000,-1.7351
29.9500,14.7745,-2.5911,0.0000,0.0000,0.0000,-1.7444
30.0000,14.7497,-2.7289,0.0000,0.0000,0.0000,-1.7537
30.0500,14.7236,-2.8664,0.0000,0.0000,0.0000,-1.7631
30.1000,14.6962,-3.0037,0.0000,0.0000,0.0000,-1.7724
30.1500,14.6675,-3.1408,0.0000,0.0000,0.0000,-1.7817
30.2000,14.6376,-3.2775,0.0000,0.0000,0.0000,-1.7911
30.2500,14.6063,-3.4140,0.0000,0.0000,0.0000,-1.8004
30.3000,14.5738,-3.5502,0.0000,0.0000,0.0000,-1.8097
30.3500,14.5401,-3.6860,0.0000,0.0000,0.0000,-1.8191
30.4000,14.5050,-3.8216,0.0000,0.0000,0.0000,-1.8284
30.4500,14.4687,-3.9568,0.0000,0.0000,0.0000,-1.8377
30.5000,14.4312,-4.0916,0.0000,0.0000,0.0000,-1.8471
30.5500,14.3923,-4.2262,0.0000,0.0000,0.0000,-1.8564
30.6000,14.3523,-4.3603,0.0000,0.0000,0.0000,-1.8657
30.6500,14.3110,-4.4941,0.0000,0.0000,0.0000,-1.8751
30.7000,14.2684,-4.6274,0.0000,0.0000,0.0000,-1.8844
30.7500,14.2246,-4.7604,0.0000,0.0000,0.0000,-1.8937
30.8000,14.1795,-4.8930,0.0000,0.0000,0.0000,-1.9031
30.8500,14.1332,-5.0251,0.0000,0.0000,0.0000,-1.9124
30.9000,14.0857,-5.1568,0.0000,0.0000,0.0000,-1.9217
30.9500,14.0370,-5.2880,0.0000,0.0000,0.0000,-1.9311
31.0000,13.9870,-5.4188,0.0000,0.0000,0.0000,-1.9404
31.0500,13.9358,-5.5491,0.0000,0.0000,0.0000,-1.9497
31.1000,13.8834,-5.6789,0.0000,0.0000,0.0000,-1.9591
31.1500,13.8298,-5.8083,0.0000,0.0000,0.0000,-1.9684
31.2000,13.7750,-5.9371,0.0000,0.0000,0.0000,-1.9777
31.2500,13.7190,-6.0654,0.0000,0.0000,0.0000,-1.9871
31.3000,13.6618,-6.1932,0.0000,0.0000,0.0000,-1.9964
31.3500,13.6034,-6.3204,0.0000,0.0000,0.0000,-2.0057
31.4000,13.5438,-6.4471,0.0000,0.0000,0.0000,-2.0151
31.4500,13.4831,-6.5732,0.0000,0.0000,0.0000,-2.0244
31.5000,13.4211,-6.6988,0.0000,0.0000,0.0000,-2.0337
31.5500,13.3580,-6.8237,0.0000,0.0000,0.0000,-2.0431
31.6000,13.2937,-6.9481,0.0000,0.0000,0.0000,-2.0524
31.6500,13.2283,-7.0719,0.0000,0.0000,0.0000,-2.0617
31.7000,13.1617,-7.1950,0.0000,0.0000,0.0000,-2.0711
31.7500,13.0940,-7.3176,0.0000,0.0000,0.0000,-2.0804
31.8000,13.0251,-7.4395,0.0000,0.0000,0.0000,-2.0897
31.8500,12.9551,-7.5607,0.0000,0.0000,0.0000,-2.0991
31.9000,12.8840,-7.6813,0.0000,0.0000,0.0000,-2.1084
31.9500,12.8118,-7.8012,0.0000,0.0000,0.0000,-2.1177
32.0000,12.7384,-7.9204,0.0000,0.0000,0.0000,-2.1271
32.0500,12.6639,-8.0390,0.0000,0.0000,0.0000,-2.1364
32.1000,12.5883,-8.1568,0.0000,0.0000,0.0000,-2.1457
32.1500,12.5117,-8.2740,0.0000,0.0000,0.0000,-2.1551
32.2000,12.4339,-8.3904,0.0000,0.0000,0.0000,-2.1644
32.2500,12.3550,-8.5061,0.0000,0.0000,0.0000,-2.1737
32.3000,12.2751,-8.6210,0.0000,0.0000,0.0000,-2.1831
32.3500,12.1941,-8.7352,0.0000,0.0000,0.0000,-2.1924
32.4000,12.1121,-8.8486,0.0000,0.0000,0.0000,-2.2017
32.4500,12.0289,-8.9613,0.0000,0.0000,0.0000,-2.2111
32.5000,11.9448,-9.0732,0.0000,0.0000,0.0000,-2.2204
32.5500,11.8596,-9.1842,0.0000,0.0000,0.0000,-2.2297
32.6000,11.7734,-9.2945,0.0000,0.0000,0.0000,-2.2391
32.6500,11.6861,-9.4040,0.0000,0.0000,0.0000,-2.2484
32.7000,11.5978,-9.5127,0.0000,0.0000,0.0000,-2.2577
32.7500,11.5085,-9.6205,0.0000,0.0000,0.0000,-2.2671
32.8000,11.4182,-9.7275,0.0000,0.0000,0.0000,-2.2764
32.8500,11.3269,-9.8336,0.0000,0.0000,0.0000,-2.2857
32.9000,11.2347,-9.9389,0.0000,0.0000,0.0000,-2.2951
32.9500,11.1414,-10.0433,0.0000,0.0000,0.0000,-2.3044
33.0000,11.0472,-10.1469,0.0000,0.0000,0.0000,-2.3137
33.0500,10.9520,-10.2496,0.0000,0.0000,0.0000,-2.3231
33.1000,10.8559,-10.3513,0.0000,0.0000,0.0000,-2.3324
33.1500,10.7588,-10.4522,0.0000,0.0000,0.0000,-2.3417
33.2000,10.6608,-10.5522,0.0000,0.0000,0.0000,-2.3511
33.2500,10.5618,-10.6512,0.0000,0.0000,0.0000,-2.3604
33.3000,10.4620,-10.7493,0.0000,0.0000,0.0000,-2.3697
33.3500,10.3612,-10.8465,0.0000,0.0000,0.0000,-2.3791
33.4000,10.2595,-10.9427,0.0000,0.0000,0.0000,-2.3884
33.4500,10.1569,-11.0380,0.0000,0.0000,0.0000,-2.3977
33.5000,10.0534,-11.1323,0.0000,0.0000,0.0000,-2.4071
33.5500,9.9491,-11.2256,0.0000,0.0000,0.0000,-2.4164
33.6000,9.8439,-11.3180,0.0000,0.0000,0.0000,-2.4257
33.6500,9.7378,-11.4094,0.0000,0.0000,0.0000,-2.4351
33.7000,9.6309,-11.4998,0.0000,0.0000,0.0000,-2.4444
33.7500,9.5232,-11.5892,0.0000,0.0000,0.0000,-2.4537
33.8000,9.4146,-11.6776,0.0000,0.0000,0.0000,-2.4631
33.8500,9.3052,-11.7649,0.0000,0.0000,0.0000,-2.4724
33.9000,9.1950,-11.8512,0.0000,0.0000,0.0000,-2.4817
33.9500,9.0840,-11.9365,0.0000,0.0000,0.0000,-2.4911
34.0000,8.9722,-12.0208,0.0000,0.0000,0.0000,-2.5004
34.0500,8.8596,-12.1040,0.0000,0.0000,0.0000,-2.5097
34.1000,8.7462,-12.1862,0.0000,0.0000,0.0000,-2.5191
34.1500,8.6321,-12.2673,0.0000,0.0000,0.0000,-2.5284
34.2000,8.5173,-12.3473,0.0000,0.0000,0.0000,-2.5377
34.2500,8.4017,-12.4263,0.0000,0.0000,0.0000,-2.5471
34.3000,8.2853,-12.5041,0.0000,0.0000,0.0000,-2.5564
34.3500,8.1682,-12.5809,0.0000,0.0000,0.0000,-2.5657
34.4000,8.0505,-12.6566,0.0000,0.0000,0.0000,-2.5751
34.4500,7.9320,-12.7312,0.0000,0.0000,0.0000,-2.5844
34.5000,7.8128,-12.8047,0.0000,0.0000,0.0000,-2.5937
34.5500,7.6930,-12.8770,0.0000,0.0000,0.0000,-2.6031
34.6000,7.5725,-12.9483,0.0000,0.0000,0.0000,-2.6124
34.6500,7.4513,-13.0184,0.0000,0.0000,0.0000,-2.6217
34.7000,7.3294,-13.0874,0.0000,0.0000,0.0000,-2.6311
34.7500,7.2070,-13.1552,0.0000,0.0000,0.0000,-2.6404
34.8000,7.0839,-13.2219,0.0000,0.0000,0.0000,-2.6497
34.8500,6.9602,-13.2874,0.0000,0.0000,0.0000,-2.6591
34.9000,6.8359,-13.3518,0.0000,0.0000,0.0000,-2.6684
34.9500,6.7109,-13.4150,0.0000,0.0000,0.0000,-2.6777
35.0000,6.5854,-13.4771,0.0000,0.0000,0.0000,-2.6871
35.0500,6.4594,-13.5380,0.0000,0.0000,0.0000,-2.6964
35.1000,6.3327,-13.5977,0.0000,0.0000,0.0000,-2.7057
35.1500,6.2056,-13.6562,0.0000,0.0000,0.0000,-2.7151
35.2000,6.0778,-13.7135,0.0000,0.0000,0.0000,-2.7244
35.2500,5.9496,-13.7696,0.0000,0.0000,0.0000,-2.7337
35.3000,5.8208,-13.8246,0.0000,0.0000,0.0000,-2.7431
35.3500,5.6915,-13.8783,0.0000,0.0000,0.0000,-2.7524
35.4000,5.5617,-13.9308,0.0000,0.0000,0.0000,-2.7617
35.4500,5.4315,-13.9821,0.0000,0.0000,0.0000,-2.7711
35.5000,5.3007,-14.0322,0.0000,0.0000,0.0000,-2.7804
35.5500,5.1696,-14.0810,0.0000,0.0000,0.0000,-2.7897
35.6000,5.0390,-14.1283,0.0000,0.0000,0.0000,-2.7990
35.6500,4.9098,-14.1737,0.0000,0.0000,0.0000,-2.8081
35.7000,4.7820,-14.2173,0.0000,0.0000,0.0000,-2.8171
35.7500,4.6556,-14.2592,0.0000,0.0000,0.0000,-2.8260
35.8000,4.5306,-14.2994,0.0000,0.0000,0.0000,-2.8348
35.8500,4.4070,-14.3380,0.0000,0.0000,0.0000,-2.8434
35.9000,4.2850,-14.3749,0.0000,0.0000,0.0000,-2.8519
35.9500,4.1644,-14.4103,0.0000,0.0000,0.0000,-2.8603
36.0000,4.0453,-14.4442,0.0000,0.0000,0.0000,-2.8685
36.0500,3.9277,-14.4766,0.0000,0.0000,0.0000,-2.8767
36.1000,3.8117,-14.5076,0.0000,0.0000,0.0000,-2.8847
36.1500,3.6973,-14.5372,0.0000,0.0000,0.0000,-2.8925
36.2000,3.5845,-14.5654,0.0000,0.0000,0.0000,-2.9003
36.2500,3.4733,-14.5923,0.0000,0.0000,0.0000,-2.9079
36.3000,3.3637,-14.6180,0.0000,0.0000,0.0000,-2.9154
36.3500,3.2557,-14.6424,0.0000,0.0000,0.0000,-2.9228
36.4000,3.1494,-14.6656,0.0000,0.0000,0.0000,-2.9301
36.4500,3.0448,-14.6877,0.0000,0.0000,0.0000,-2.9372
36.5000,2.9418,-14.7087,0.0000,0.0000,0.0000,-2.9442
36.5500,2.8406,-14.7286,0.0000,0.0000,0.0000,-2.9511
36.6000,2.7410,-14.7474,0.0000,0.0000,0.0000,-2.9578
36.6500,2.6432,-14.7653,0.0000,0.0000,0.0000,-2.9645
36.7000,2.5471,-14.7822,0.0000,0.0000,0.0000,-2.9710
36.7500,2.4528,-14.7981,0.0000,0.0000,0.0000,-2.9773
36.8000,2.3602,-14.8132,0.0000,0.0000,0.0000,-2.9836
36.8500,2.2694,-14.8273,0.0000,0.0000,0.0000,-2.9897
36.9000,2.1803,-14.8407,0.0000,0.0000,0.0000,-2.9957
36.9500,2.0930,-14.8533,0.0000,0.0000,0.0000,-3.0016
37.0000,2.0075,-14.8651,0.0000,0.0000,0.0000,-3.0074
37.0500,1.9238,-14.8761,0.0000,0.0000,0.0000,-3.0130
37.1000,1.8419,-14.8865,0.0000,0.0000,0.0000,-3.0185
37.1500,1.7618,-14.8962,0.0000,0.0000,0.0000,-3.0239
37.2000,1.6835,-14.9052,0.0000,0.0000,0.0000,-3.0291
37.2500,1.6070,-14.9137,0.0000,0.0000,0.0000,-3.0343
37.3000,1.5324,-14.9215,0.0000,0.0000,0.0000,-3.0393
37.3500,1.4596,-14.9288,0.0000,0.0000,0.0000,-3.0441
37.4000,1.3886,-14.9356,0.0000,0.0000,0.0000,-3.0489
37.4500,1.3194,-14.9419,0.0000,0.0000,0.0000,-3.0535
37.5000,1.2521,-14.9476,0.0000,0.0000,0.0000,-3.0580
37.5500,1.1867,-14.9530,0.0000,0.0000,0.0000,-3.0624
37.6000,1.1230,-14.9579,0.0000,0.0000,0.0000,-3.0667
37.6500,1.0613,-14.9624,0.0000,0.0000,0.0000,-3.0708
37.7000,1.0013,-14.9665,0.0000,0.0000,0.0000,-3.0748
37.7500,0.9433,-14.9703,0.0000,0.0000,0.0000,-3.0787
37.8000,0.8871,-14.9737,0.0000,0.0000,0.0000,-3.0824
37.8500,0.8327,-14.9769,0.0000,0.0000,0.0000,-3.0860
37.9000,0.7803,-14.9797,0.0000,0.0000,0.0000,-3.0896
37.9500,0.7296,-14.9822,0.0000,0.0000,0.0000,-3.0929
38.0000,0.6809,-14.9845,0.0000,0.0000,0.0000,-3.0962
38.0500,0.6340,-14.9866,0.0000,0.0000,0.0000,-3.0993
38.1000,0.5890,-14.9884,0.0000,0.0000,0.0000,-3.1023
38.1500,0.5458,-14.9901,0.0000,0.0000,0.0000,-3.1052
38.2000,0.5045,-14.9915,0.0000,0.0000,0.0000,-3.1080
38.2500,0.4651,-14.9928,0.0000,0.0000,0.0000,-3.1106
38.3000,0.4276,-14.9939,0.0000,0.0000,0.0000,-3.1131
38.3500,0.3919,-14.9949,0.0000,0.0000,0.0000,-3.1155
38.4000,0.3581,-14.9957,0.0000,0.0000,0.0000,-3.1177
38.4500,0.3262,-14.9965,0.0000,0.0000,0.0000,-3.1198
38.5000,0.2961,-14.9971,0.0000,0.0000,0.0000,-3.1218
38.5500,0.2679,-14.9976,0.0000,0.0000,0.0000,-3.1237
38.6000,0.2416,-14.9981,0.0000,0.0000,0.0000,-3.1255
38.6500,0.2172,-14.9984,0.0000,0.0000,0.0000,-3.1271
38.7000,0.1946,-14.9987,0.0000,0.0000,0.0000,-3.1286
38.7500,0.1740,-14.9990,0.0000,0.0000,0.0000,-3.1300
38.8000,0.1552,-14.9992,0.0000,0.0000,0.0000,-3.1312
38.8500,0.1382,-14.9994,0.0000,0.0000,0.0000,-3.1324
38.9000,0.1232,-14.9995,0.0000,0.0000,0.0000,-3.1334
38.9500,0.1100,-14.9996,0.0000,0.0000,0.0000,-3.1343
39.0000,0.0987,-14.9997,0.0000,0.0000,0.0000,-3.1350
39.0500,0.0892,-14.9997,0.0000,0.0000,0.0000,-3.1356
39.1000,0.0817,-14.9998,0.0000,0.0000,0.0000,-3.1361
39.1500,0.0760,-14.9998,0.0000,0.0000,0.0000,-3.1365
39.2000,0.0722,-14.9998,0.0000,0.0000,0.0000,-3.1368
39.2500,0.0702,-14.9998,0.0000,0.0000,0.0000,-3.1369
39.3000,0.0702,-14.9998,0.0000,0.0000,0.0000,-3.1369
